StdOrder,RunOrder,Temperature,Pressure,Time,Temperature_actual,Pressure_actual,Press_actual,Time_actual,Response
1,5,-1,-1,1,150,10,5,60,1500.6526280703251
2,7,1,1,1,200,20,10,60,2004.7128002179297
3,3,-1,-1,1,150,10,5,60,1500.6829115359376
4,8,-1,-1,-1,150,10,5,30,1470.6713512321487
5,1,-1,-1,1,150,10,5,60,1504.2098113578302
6,4,1,-1,-1,200,10,5,30,1923.433598776711
7,2,-1,1,1,150,20,10,60,1533.3754108374349
8,6,-1,-1,1,150,10,5,60,1500.188562353795
